student,id,status
raffay,1234,not done
zara,5678,done
ali,9101,not done
ahmed,1122,done
sara,3344,not done
kate,5567,done
john,7789,not done
mike,9901,done
emma,2233,done
noor,4455,not done
yusuf,6677,not done
tariq,8899,done
hassan,1110,done
faiza,2234,not done
zain,3345,done
layla,5568,not done
osman,7780,done
sophie,9902,not done
mina,1234,done
farah,5679,done
bilal,2345,not done
leila,6789,done
sam,3456,done
amina,7890,not done
ikram,1123,done
nina,4456,not done
mohammad,6678,done
hira,7891,not done
hassan,9012,done
adeel,2346,done
nabil,4567,not done
reema,6780,done
hira,1124,done
rafia,3346,not done
raheel,5569,done
amira,7781,not done
zayd,8903,done
oumair,1235,not done
nadia,5670,done
moiz,7892,done
waseem,1125,not done
faizan,2235,done
yasmin,3347,not done
basit,5560,done
aliya,7782,not done
sami,9904,done
tariq,1236,not done
amjad,5671,done
bilal,8904,not done
